[
    {
        "UserName": "joruss",
        "WeddingEventIds": [
            "C72DC6FE-9D94-4CC9-A43A-31E9F23B0A4B",
            "A4A0D1E7-19E8-42D1-AB44-576285CD924B",
            "8D42227B-C85A-406A-B552-9E42E3BDB600"
        ],
        "Invitees": [
            {
                "Fullname": "Jo Lewis",
                "IsAdult": true
            },
            {
                "Fullname": "Russ Lewis",
                "IsAdult": true
            },
            {
                "Fullname": "Olivia Lewis",
                "IsAdult": false
            },
            {
                "Fullname": "Fraser Lewis",
                "IsAdult": false
            },
            {
                "Fullname": "Franklin Lewis",
                "IsAdult": false
            }
        ]
    },
    {
        "UserName": "hayleymason",
        "WeddingEventIds": [
            "C72DC6FE-9D94-4CC9-A43A-31E9F23B0A4B",
            "A4A0D1E7-19E8-42D1-AB44-576285CD924B",
            "8D42227B-C85A-406A-B552-9E42E3BDB600"
        ],
        "Invitees": [
            {
                "Fullname": "Hayley Thorpe",
                "IsAdult": true
            },
            {
                "Fullname": "Mason Eastoll",
                "IsAdult": true
            }
        ]
    },
    {
        "UserName": "sarah",
        "WeddingEventIds": [
            "C72DC6FE-9D94-4CC9-A43A-31E9F23B0A4B",
            "A4A0D1E7-19E8-42D1-AB44-576285CD924B",
            "8D42227B-C85A-406A-B552-9E42E3BDB600"
        ],
        "Invitees": [
            {
                "Fullname": "Sarah Giles",
                "IsAdult": true
            }
        ]
    },
    {
        "UserName": "lottie",
        "WeddingEventIds": [
            "C72DC6FE-9D94-4CC9-A43A-31E9F23B0A4B",
            "A4A0D1E7-19E8-42D1-AB44-576285CD924B",
            "8D42227B-C85A-406A-B552-9E42E3BDB600"
        ],
        "Invitees": [
            {
                "Fullname": "Lottie Jones",
                "IsAdult": true
            }
        ]
    },
    {
        "UserName": "bethmatt",
        "WeddingEventIds": [
            "C72DC6FE-9D94-4CC9-A43A-31E9F23B0A4B",
            "A4A0D1E7-19E8-42D1-AB44-576285CD924B",
            "8D42227B-C85A-406A-B552-9E42E3BDB600"
        ],
        "Invitees": [
            {
                "Fullname": "Beth Alston",
                "IsAdult": true
            },
            {
                "Fullname": "Matt Sturgeon",
                "IsAdult": true
            }
        ]
    },
    {
        "UserName": "matimogen",
        "WeddingEventIds": [
            "C72DC6FE-9D94-4CC9-A43A-31E9F23B0A4B",
            "A4A0D1E7-19E8-42D1-AB44-576285CD924B",
            "8D42227B-C85A-406A-B552-9E42E3BDB600"
        ],
        "Invitees": [
            {
                "Fullname": "Mat Jones",
                "IsAdult": true
            },
            {
                "Fullname": "Imogen Woods",
                "IsAdult": true
            }
        ]
    },
    {
        "UserName": "jamiejen",
        "WeddingEventIds": [
            "C72DC6FE-9D94-4CC9-A43A-31E9F23B0A4B",
            "A4A0D1E7-19E8-42D1-AB44-576285CD924B",
            "8D42227B-C85A-406A-B552-9E42E3BDB600"
        ],
        "Invitees": [
            {
                "Fullname": "Jamie Evans",
                "IsAdult": true
            },
            {
                "Fullname": "Jenny Payne",
                "IsAdult": true
            }
        ]
    },
    {
        "UserName": "alifiona",
        "WeddingEventIds": [
            "C72DC6FE-9D94-4CC9-A43A-31E9F23B0A4B",
            "A4A0D1E7-19E8-42D1-AB44-576285CD924B",
            "8D42227B-C85A-406A-B552-9E42E3BDB600"
        ],
        "Invitees": [
            {
                "Fullname": "Ali Woods",
                "IsAdult": true
            },
            {
                "Fullname": "Fiona Currie",
                "IsAdult": true
            }
        ]
    },
    {
        "UserName": "rach",
        "WeddingEventIds": [
            "C72DC6FE-9D94-4CC9-A43A-31E9F23B0A4B",
            "A4A0D1E7-19E8-42D1-AB44-576285CD924B",
            "8D42227B-C85A-406A-B552-9E42E3BDB600"
        ],
        "Invitees": [
            {
                "Fullname": "Rachel Walker",
                "IsAdult": true
            }
        ]
    },
    {
        "UserName": "maxemma",
        "WeddingEventIds": [
            "C72DC6FE-9D94-4CC9-A43A-31E9F23B0A4B",
            "A4A0D1E7-19E8-42D1-AB44-576285CD924B",
            "8D42227B-C85A-406A-B552-9E42E3BDB600"
        ],
        "Invitees": [
            {
                "Fullname": "Max Forrest",
                "IsAdult": true
            },
            {
                "Fullname": "Emma Palmer",
                "IsAdult": true
            },
            {
                "Fullname": "Olivia Forrest",
                "IsAdult": false
            }
        ]
    },
    {
        "UserName": "jamie",
        "WeddingEventIds": [
            "C72DC6FE-9D94-4CC9-A43A-31E9F23B0A4B",
            "A4A0D1E7-19E8-42D1-AB44-576285CD924B",
            "8D42227B-C85A-406A-B552-9E42E3BDB600"
        ],
        "Invitees": [
            {
                "Fullname": "Jamie Brown",
                "IsAdult": true
            }
        ]
    },
    {
        "UserName": "michellematt",
        "WeddingEventIds": [
            "C72DC6FE-9D94-4CC9-A43A-31E9F23B0A4B",
            "A4A0D1E7-19E8-42D1-AB44-576285CD924B",
            "8D42227B-C85A-406A-B552-9E42E3BDB600"
        ],
        "Invitees": [
            {
                "Fullname": "Michelle Hodder",
                "IsAdult": true
            },
            {
                "Fullname": "Matt Hodder",
                "IsAdult": true
            },
            {
                "Fullname": "Georgie Hodder",
                "IsAdult": false
            },
            {
                "Fullname": "Lola Hodder",
                "IsAdult": false
            }
        ]
    },
    {
        "UserName": "peskett",
        "WeddingEventIds": [
            "C72DC6FE-9D94-4CC9-A43A-31E9F23B0A4B",
            "A4A0D1E7-19E8-42D1-AB44-576285CD924B",
            "8D42227B-C85A-406A-B552-9E42E3BDB600"
        ],
        "Invitees": [
            {
                "Fullname": "Lance Peskett",
                "IsAdult": true
            },
            {
                "Fullname": "Andrew Peskett",
                "IsAdult": true
            }
        ]
    }
]