[
    {
        "UserName": "bazin",
        "WeddingEventIds": [
            "8D42227B-C85A-406A-B552-9E42E3BDB600"
        ],
        "Invitees": [
            {
                "Fullname": "Sniedze Bazin",
                "IsAdult": true
            },
            {
                "Fullname": "Anthony Bazin",
                "IsAdult": true
            }
        ]
    },
    {
        "UserName": "rayjenny",
        "WeddingEventIds": [
            "8D42227B-C85A-406A-B552-9E42E3BDB600"
        ],
        "Invitees": [
            {
                "Fullname": "Ray Goodwin",
                "IsAdult": true
            },
            {
                "Fullname": "Jenny Goodwin",
                "IsAdult": true
            }
        ]
    },
    {
        "UserName": "johnrebecca",
        "WeddingEventIds": [
            "8D42227B-C85A-406A-B552-9E42E3BDB600"
        ],
        "Invitees": [
            {
                "Fullname": "John Britton",
                "IsAdult": true
            },
            {
                "Fullname": "Rebecca Britton",
                "IsAdult": true
            }
        ]
    },
    {
        "UserName": "mattvikki",
        "WeddingEventIds": [
            "8D42227B-C85A-406A-B552-9E42E3BDB600"
        ],
        "Invitees": [
            {
                "Fullname": "Matt Nye",
                "IsAdult": true
            },
            {
                "Fullname": "Vikki Nye",
                "IsAdult": true
            }
        ]
    },
    {
        "UserName": "david",
        "WeddingEventIds": [
            "8D42227B-C85A-406A-B552-9E42E3BDB600",
            "5164C04F-51B6-445B-893B-6AEE40C83CED",
            "A4A0D1E7-19E8-42D1-AB44-576285CD924B"
        ],
        "Invitees": [
            {
                "Fullname": "David Ibbs",
                "IsAdult": true
            }
        ]
    },
    {
        "UserName": "dougnat",
        "WeddingEventIds": [
            "8D42227B-C85A-406A-B552-9E42E3BDB600",
            "5164C04F-51B6-445B-893B-6AEE40C83CED",
            "A4A0D1E7-19E8-42D1-AB44-576285CD924B"
        ],
        "Invitees": [
            {
                "Fullname": "Doug McCaffrey",
                "IsAdult": true
            },
            {
                "Fullname": "Natalie Smethurst",
                "IsAdult": true
            }
        ]
    },
    {
        "UserName": "robf",
        "WeddingEventIds": [
            "8D42227B-C85A-406A-B552-9E42E3BDB600",
            "5164C04F-51B6-445B-893B-6AEE40C83CED",
            "A4A0D1E7-19E8-42D1-AB44-576285CD924B"
        ],
        "Invitees": [
            {
                "Fullname": "Rob Farendon",
                "IsAdult": true
            }
        ]
    },
    {
        "UserName": "vickidean",
        "WeddingEventIds": [
            "8D42227B-C85A-406A-B552-9E42E3BDB600",
            "5164C04F-51B6-445B-893B-6AEE40C83CED",
            "A4A0D1E7-19E8-42D1-AB44-576285CD924B"
        ],
        "Invitees": [
            {
                "Fullname": "Vicki Howard",
                "IsAdult": true
            },
            {
                "Fullname": "Dean Cupit",
                "IsAdult": true
            }
        ]
    },
    {
        "UserName": "katie",
        "WeddingEventIds": [
            "8D42227B-C85A-406A-B552-9E42E3BDB600",
            "5164C04F-51B6-445B-893B-6AEE40C83CED",
            "A4A0D1E7-19E8-42D1-AB44-576285CD924B"
        ],
        "Invitees": [
            {
                "Fullname": "Katie Murray",
                "IsAdult": true
            }
        ]
    },
    {
        "UserName": "rosalyn",
        "WeddingEventIds": [
            "8D42227B-C85A-406A-B552-9E42E3BDB600",
            "5164C04F-51B6-445B-893B-6AEE40C83CED",
            "A4A0D1E7-19E8-42D1-AB44-576285CD924B"
        ],
        "Invitees": [
            {
                "Fullname": "Rosayln Chadburn",
                "IsAdult": true
            }
        ]
    },
    {
        "UserName": "elle",
        "WeddingEventIds": [
            "8D42227B-C85A-406A-B552-9E42E3BDB600",
            "5164C04F-51B6-445B-893B-6AEE40C83CED",
            "A4A0D1E7-19E8-42D1-AB44-576285CD924B"
        ],
        "Invitees": [
            {
                "Fullname": "Elle Cranfield",
                "IsAdult": true
            }
        ]
    },
    {
        "UserName": "sianelliot",
        "WeddingEventIds": [
            "8D42227B-C85A-406A-B552-9E42E3BDB600",
            "5164C04F-51B6-445B-893B-6AEE40C83CED",
            "A4A0D1E7-19E8-42D1-AB44-576285CD924B"
        ],
        "Invitees": [
            {
                "Fullname": "Sian Glithero",
                "IsAdult": true
            },
            {
                "Fullname": "Elliot Lewis",
                "IsAdult": true
            }
        ]
    },
    {
        "UserName": "jessmatt",
        "WeddingEventIds": [
            "8D42227B-C85A-406A-B552-9E42E3BDB600",
            "5164C04F-51B6-445B-893B-6AEE40C83CED",
            "A4A0D1E7-19E8-42D1-AB44-576285CD924B"
        ],
        "Invitees": [
            {
                "Fullname": "Jess Glithero",
                "IsAdult": true
            },
            {
                "Fullname": "Matt Miles",
                "IsAdult": true
            }
        ]
    },
    {
        "UserName": "sabrina",
        "WeddingEventIds": [
            "8D42227B-C85A-406A-B552-9E42E3BDB600",
            "5164C04F-51B6-445B-893B-6AEE40C83CED",
            "A4A0D1E7-19E8-42D1-AB44-576285CD924B"
        ],
        "Invitees": [
            {
                "Fullname": "Sabrina Kent",
                "IsAdult": true
            },
            {
                "Fullname": "Stephen Kerr",
                "IsAdult": true
            }
        ]
    },
    {
        "UserName": "emily",
        "WeddingEventIds": [
            "8D42227B-C85A-406A-B552-9E42E3BDB600",
            "5164C04F-51B6-445B-893B-6AEE40C83CED",
            "A4A0D1E7-19E8-42D1-AB44-576285CD924B"
        ],
        "Invitees": [
            {
                "Fullname": "Emily Collier",
                "IsAdult": true
            }
        ]
    },
    {
        "UserName": "maxiris",
        "WeddingEventIds": [
            "8D42227B-C85A-406A-B552-9E42E3BDB600"
        ],
        "Invitees": [
            {
                "Fullname": "Max",
                "IsAdult": true
            },
            {
                "Fullname": "Iris",
                "IsAdult": true
            }
        ]
    },
    {
        "UserName": "terry",
        "WeddingEventIds": [
            "8D42227B-C85A-406A-B552-9E42E3BDB600"
        ],
        "Invitees": [
            {
                "Fullname": "Pete Terry",
                "IsAdult": true
            },
            {
                "Fullname": "Jenny Terry",
                "IsAdult": true
            }
        ]
    },
    {
        "UserName": "josh",
        "WeddingEventIds": [
            "8D42227B-C85A-406A-B552-9E42E3BDB600"
        ],
        "Invitees": [
            {
                "Fullname": "Josh Jaggard",
                "IsAdult": true
            }
        ]
    },
    {
        "UserName": "ellie",
        "WeddingEventIds": [
            "8D42227B-C85A-406A-B552-9E42E3BDB600"
        ],
        "Invitees": [
            {
                "Fullname": "Ellie Birmingham",
                "IsAdult": true
            }
        ]
    },
    {
        "UserName": "ajeto",
        "WeddingEventIds": [
            "8D42227B-C85A-406A-B552-9E42E3BDB600"
        ],
        "Invitees": [
            {
                "Fullname": "Amy Ajeto",
                "IsAdult": true
            }
        ]
    },
    {
        "UserName": "katywalker",
        "WeddingEventIds": [
            "8D42227B-C85A-406A-B552-9E42E3BDB600"
        ],
        "Invitees": [
            {
                "Fullname": "Katy Walker",
                "IsAdult": true
            }
        ]
    },
    {
        "UserName": "georgieaaron",
        "WeddingEventIds": [
            "8D42227B-C85A-406A-B552-9E42E3BDB600"
        ],
        "Invitees": [
            {
                "Fullname": "Georgie Lake",
                "IsAdult": true
            },
            {
                "Fullname": "Aaron Strathearn",
                "IsAdult": true
            }
        ]
    },
    {
        "UserName": "alston",
        "WeddingEventIds": [
            "8D42227B-C85A-406A-B552-9E42E3BDB600"
        ],
        "Invitees": [
            {
                "Fullname": "Tracy Alston",
                "IsAdult": true
            },
            {
                "Fullname": "Chris Alston",
                "IsAdult": true
            }
        ]
    },
    {
        "UserName": "jones",
        "WeddingEventIds": [
            "8D42227B-C85A-406A-B552-9E42E3BDB600"
        ],
        "Invitees": [
            {
                "Fullname": "Steve Jones",
                "IsAdult": true
            },
            {
                "Fullname": "Angella Jones",
                "IsAdult": true
            }
        ]
    },
    {
        "UserName": "carolinepaul",
        "WeddingEventIds": [
            "8D42227B-C85A-406A-B552-9E42E3BDB600"
        ],
        "Invitees": [
            {
                "Fullname": "Caroline",
                "IsAdult": true
            },
            {
                "Fullname": "Paul",
                "IsAdult": true
            }
        ]
    }
]