[
    {
        "UserName": "janedave",
        "WeddingEventIds": [
            "C72DC6FE-9D94-4CC9-A43A-31E9F23B0A4B",
            "A4A0D1E7-19E8-42D1-AB44-576285CD924B",
            "8D42227B-C85A-406A-B552-9E42E3BDB600"
        ],
        "Invitees": [
            {
                "Fullname": "David Butler",
                "IsAdult": true
            },
            {
                "Fullname": "Jane Butler",
                "IsAdult": true
            }
        ]
    },
    {
        "UserName": "gemjohn",
        "WeddingEventIds": [
            "C72DC6FE-9D94-4CC9-A43A-31E9F23B0A4B",
            "A4A0D1E7-19E8-42D1-AB44-576285CD924B",
            "8D42227B-C85A-406A-B552-9E42E3BDB600"
        ],
        "Invitees": [
            {
                "Fullname": "Gemma Butler",
                "IsAdult": true
            },
            {
                "Fullname": "John Blatchford",
                "IsAdult": true
            }
        ]
    },
    {
        "UserName": "saz",
        "WeddingEventIds": [
            "C72DC6FE-9D94-4CC9-A43A-31E9F23B0A4B",
            "A4A0D1E7-19E8-42D1-AB44-576285CD924B",
            "8D42227B-C85A-406A-B552-9E42E3BDB600"
        ],
        "Invitees": [
            {
                "Fullname": "Sarah Butler",
                "IsAdult": true
            }
        ]
    },
    {
        "UserName": "mary",
        "WeddingEventIds": [
            "C72DC6FE-9D94-4CC9-A43A-31E9F23B0A4B",
            "A4A0D1E7-19E8-42D1-AB44-576285CD924B",
            "8D42227B-C85A-406A-B552-9E42E3BDB600"
        ],
        "Invitees": [
            {
                "Fullname": "Mary Butler",
                "IsAdult": true
            }
        ]
    },
    {
        "UserName": "janebob",
        "WeddingEventIds": [
            "C72DC6FE-9D94-4CC9-A43A-31E9F23B0A4B",
            "A4A0D1E7-19E8-42D1-AB44-576285CD924B",
            "8D42227B-C85A-406A-B552-9E42E3BDB600"
        ],
        "Invitees": [
            {
                "Fullname": "Jane Anderson",
                "IsAdult": true
            },
            {
                "Fullname": "Bob Anderson",
                "IsAdult": true
            }
        ]
    },
    {
        "UserName": "rob",
        "WeddingEventIds": [
            "C72DC6FE-9D94-4CC9-A43A-31E9F23B0A4B",
            "A4A0D1E7-19E8-42D1-AB44-576285CD924B",
            "8D42227B-C85A-406A-B552-9E42E3BDB600"
        ],
        "Invitees": [
            {
                "Fullname": "Rob Anderson",
                "IsAdult": true
            }
        ]
    },
    {
        "UserName": "stephchris",
        "WeddingEventIds": [
            "C72DC6FE-9D94-4CC9-A43A-31E9F23B0A4B",
            "A4A0D1E7-19E8-42D1-AB44-576285CD924B",
            "8D42227B-C85A-406A-B552-9E42E3BDB600"
        ],
        "Invitees": [
            {
                "Fullname": "Steph Whitehead",
                "IsAdult": true
            },
            {
                "Fullname": "Chris Whitehead",
                "IsAdult": true
            }
        ]
    },
    {
        "UserName": "georgeterri",
        "WeddingEventIds": [
            "C72DC6FE-9D94-4CC9-A43A-31E9F23B0A4B",
            "A4A0D1E7-19E8-42D1-AB44-576285CD924B",
            "8D42227B-C85A-406A-B552-9E42E3BDB600"
        ],
        "Invitees": [
            {
                "Fullname": "George Peskett",
                "IsAdult": true
            },
            {
                "Fullname": "Terri Peskett",
                "IsAdult": true
            }
        ]
    },
    {
        "UserName": "ruthmark",
        "WeddingEventIds": [
            "C72DC6FE-9D94-4CC9-A43A-31E9F23B0A4B",
            "A4A0D1E7-19E8-42D1-AB44-576285CD924B",
            "8D42227B-C85A-406A-B552-9E42E3BDB600"
        ],
        "Invitees": [
            {
                "Fullname": "Ruthie Skiggs",
                "IsAdult": true
            },
            {
                "Fullname": "Mark Skiggs",
                "IsAdult": true
            }
        ]
    },
    {
        "UserName": "laurachris",
        "WeddingEventIds": [
            "C72DC6FE-9D94-4CC9-A43A-31E9F23B0A4B",
            "A4A0D1E7-19E8-42D1-AB44-576285CD924B",
            "8D42227B-C85A-406A-B552-9E42E3BDB600"
        ],
        "Invitees": [
            {
                "Fullname": "Laura Bungard",
                "IsAdult": true
            },
            {
                "Fullname": "Chris Bungard",
                "IsAdult": true
            }
        ]
    },
    {
        "UserName": "oleary",
        "WeddingEventIds": [
            "C72DC6FE-9D94-4CC9-A43A-31E9F23B0A4B",
            "A4A0D1E7-19E8-42D1-AB44-576285CD924B",
            "8D42227B-C85A-406A-B552-9E42E3BDB600"
        ],
        "Invitees": [
            {
                "Fullname": "Karol Oleary",
                "IsAdult": true
            },
            {
                "Fullname": "Jamie Oleary",
                "IsAdult": true
            },
            {
                "Fullname": "Charlotte Oleary",
                "IsAdult": true
            }
        ]
    },
    {
        "UserName": "beckydave",
        "WeddingEventIds": [
            "C72DC6FE-9D94-4CC9-A43A-31E9F23B0A4B",
            "A4A0D1E7-19E8-42D1-AB44-576285CD924B",
            "8D42227B-C85A-406A-B552-9E42E3BDB600"
        ],
        "Invitees": [
            {
                "Fullname": "Becky Smith",
                "IsAdult": true
            },
            {
                "Fullname": "Dave Smith",
                "IsAdult": true
            },
            {
                "Fullname": "Andrew Smith",
                "IsAdult": false
            },
            {
                "Fullname": "Emily Smith",
                "IsAdult": false
            }
        ]
    },
    {
        "UserName": "petejess",
        "WeddingEventIds": [
            "C72DC6FE-9D94-4CC9-A43A-31E9F23B0A4B",
            "A4A0D1E7-19E8-42D1-AB44-576285CD924B",
            "8D42227B-C85A-406A-B552-9E42E3BDB600"
        ],
        "Invitees": [
            {
                "Fullname": "Peter Neil-Jones",
                "IsAdult": true
            },
            {
                "Fullname": "Jess Neil-Jones",
                "IsAdult": true
            }
        ]
    },
    {
        "UserName": "tomkatie",
        "WeddingEventIds": [
            "C72DC6FE-9D94-4CC9-A43A-31E9F23B0A4B",
            "A4A0D1E7-19E8-42D1-AB44-576285CD924B",
            "8D42227B-C85A-406A-B552-9E42E3BDB600"
        ],
        "Invitees": [
            {
                "Fullname": "Tom Jobson",
                "IsAdult": true
            },
            {
                "Fullname": "Katie Light",
                "IsAdult": true
            }
        ]
    },
    {
        "UserName": "ashley",
        "WeddingEventIds": [
            "C72DC6FE-9D94-4CC9-A43A-31E9F23B0A4B",
            "A4A0D1E7-19E8-42D1-AB44-576285CD924B",
            "8D42227B-C85A-406A-B552-9E42E3BDB600"
        ],
        "Invitees": [
            {
                "Fullname": "Ashley Finn",
                "IsAdult": true
            }
        ]
    },
    {
        "UserName": "tinasteve",
        "WeddingEventIds": [
            "C72DC6FE-9D94-4CC9-A43A-31E9F23B0A4B",
            "A4A0D1E7-19E8-42D1-AB44-576285CD924B",
            "8D42227B-C85A-406A-B552-9E42E3BDB600"
        ],
        "Invitees": [
            {
                "Fullname": "Tina Nye",
                "IsAdult": true
            },
            {
                "Fullname": "Steve Nye",
                "IsAdult": true
            }
        ]
    },
    {
        "UserName": "sallynick",
        "WeddingEventIds": [
            "C72DC6FE-9D94-4CC9-A43A-31E9F23B0A4B",
            "A4A0D1E7-19E8-42D1-AB44-576285CD924B",
            "8D42227B-C85A-406A-B552-9E42E3BDB600"
        ],
        "Invitees": [
            {
                "Fullname": "Sally Pulsford",
                "IsAdult": true
            },
            {
                "Fullname": "Nick Pulsford",
                "IsAdult": true
            }
        ]
    },
    {
        "UserName": "sandraphil",
        "WeddingEventIds": [
            "C72DC6FE-9D94-4CC9-A43A-31E9F23B0A4B",
            "A4A0D1E7-19E8-42D1-AB44-576285CD924B",
            "8D42227B-C85A-406A-B552-9E42E3BDB600"
        ],
        "Invitees": [
            {
                "Fullname": "Sandra Giles",
                "IsAdult": true
            },
            {
                "Fullname": "Phil Eastoll",
                "IsAdult": true
            }
        ]
    },
    {
        "UserName": "markandi",
        "WeddingEventIds": [
            "C72DC6FE-9D94-4CC9-A43A-31E9F23B0A4B",
            "A4A0D1E7-19E8-42D1-AB44-576285CD924B",
            "8D42227B-C85A-406A-B552-9E42E3BDB600"
        ],
        "Invitees": [
            {
                "Fullname": "Mark Giles",
                "IsAdult": true
            },
            {
                "Fullname": "Andi Pennock",
                "IsAdult": true
            }
        ]
    },
    {
        "UserName": "simonleanne",
        "WeddingEventIds": [
            "C72DC6FE-9D94-4CC9-A43A-31E9F23B0A4B",
            "A4A0D1E7-19E8-42D1-AB44-576285CD924B",
            "8D42227B-C85A-406A-B552-9E42E3BDB600"
        ],
        "Invitees": [
            {
                "Fullname": "Simon Giles",
                "IsAdult": true
            },
            {
                "Fullname": "Leanne Giles",
                "IsAdult": true
            }
        ]
    },
    {
        "UserName": "shirley",
        "WeddingEventIds": [
            "C72DC6FE-9D94-4CC9-A43A-31E9F23B0A4B",
            "A4A0D1E7-19E8-42D1-AB44-576285CD924B",
            "8D42227B-C85A-406A-B552-9E42E3BDB600"
        ],
        "Invitees": [
            {
                "Fullname": "Shirley Pilborough",
                "IsAdult": true
            }
        ]
    },
    {
        "UserName": "stephenrae",
        "WeddingEventIds": [
            "C72DC6FE-9D94-4CC9-A43A-31E9F23B0A4B",
            "A4A0D1E7-19E8-42D1-AB44-576285CD924B",
            "8D42227B-C85A-406A-B552-9E42E3BDB600"
        ],
        "Invitees": [
            {
                "Fullname": "Stephen Bartrup",
                "IsAdult": true
            },
            {
                "Fullname": "Rae Twelftree",
                "IsAdult": true
            }
        ]
    },
    {
        "UserName": "anneernie",
        "WeddingEventIds": [
            "C72DC6FE-9D94-4CC9-A43A-31E9F23B0A4B",
            "A4A0D1E7-19E8-42D1-AB44-576285CD924B",
            "8D42227B-C85A-406A-B552-9E42E3BDB600"
        ],
        "Invitees": [
            {
                "Fullname": "Anne Sloanne",
                "IsAdult": true
            },
            {
                "Fullname": "Ernie Reeve",
                "IsAdult": true
            }
        ]
    }
]